Mc41tvKhWQY	20251204
qDjnZfiVWC4	20251124
zdLdYlZqNjI	20251121
dMQ3_L9Vsms	20251120
PqmsuwPVhx8	20251117
H5iuLjHKOoc	20251114
LSIBU1Yeltw	20251110
1B-l8LWq1pw	20251109
e_VFkzB9Dz8	20251108
k4hAY723b8g	20251107
hqb5NQ7FZks	20251106
N_jydqv8QXI	20251104
2Lqd9B-hcl0	20251102
oLQKVTBgnl4	20251101
2gPMBT6lIBs	20251030
4OxwOXjdp0E	20251029
ItwhAbsRt-U	20251120
2ASG8eJ6AZc	20260421
h08-LN50rk4	20260414
nQihdcc1UnI	20260207
8tb7kAaWuRA	20250510
Z0g3jO-xPAs	20251005
1ewWgRefDZA	20251004
4CeywmWehiA	20251006
ZngxcBmM4pA	20251008
LgtMHPsM6Zk	20251005
w9PupB72_Vg	20251007
MMHssSHUlKM	20251002
UK48hXhFQ6c	20251006
c3tMqjcoJvQ	20251004
7_ZEGOGLenM	20251001
qmo7GtfvKM4	20251006
S0w8peX4UjI	20251002
y4xPFzM25Tc	20260205
1P-Z5kRH2Ug	20260213
xlUaAxFGeOA	20260306
eF-nN72qMgU	20260122
y3t2CJQqSAE	20260403
1jHMmXKc924	20251028
PTjvhzcGMD0	20260225
zQ88HKcUoSo	20260219
wFpvG7vfzQg	20260212
XBIrrKcBvhY	20260115
jbgLTfUDIeQ	20250521
YeYSarq-VvA	20260129
VgYqswx9CBE	20250220
yU3ujuiE0tI	20241228
o0suYIitBrQ	20250518
uCOwoEwt1VY	20250516
LysNxK2RY5U	20250606
Mc41tvKhWQY	20251204
